"B01001_001E","B11001_001E","B19049_005E","zipcode"
"16775","7016","28368","01001"
"27684","9427","75417","01002"
"11516","13","0","01003"
"5045","1892","30450","01005"
"14479","5605","34714","01007"
"1196","473","48214","01008"
"663","313","36667","01009"
"3582","1385","34201","01010"
"1331","542","41806","01011"
"509","238","24293","01012"
"22391","9102","23797","01013"
"30225","12913","29318","01020"
"2589","1121","45577","01022"
"1100","451","40750","01026"
"17641","8090","32975","01027"
"15555","5660","34829","01028"
"577","251","56000","01029"
"11633","4490","36654","01030"
"1524","601","31513","01031"
"681","272","45417","01032"
"6159","2584","45040","01033"
"1856","707","55455","01034"
"5209","2048","51726","01035"
"5078","1904","44850","01036"
"819","241","75250","01037"
"2553","1151","44432","01038"
"1470","690","17375","01039"
"39897","16012","28673","01040"
"2656","1090","24485","01050"
"1913","614","92045","01053"
"1756","702","76528","01054"
"21131","7876","30290","01056"
"8492","3362","34355","01057"
"14984","6631","35994","01060"
"11027","4608","34481","01062"
"697","0","0","01063"
"0","0","0","01066"
"1822","680","37143","01068"
"8935","3579","27656","01069"
"580","242","36667","01070"
"1619","615","26250","01071"
"1518","623","63929","01072"
"5758","2261","25676","01073"
"338","173","32500","01074"
"17566","6822","45453","01075"
"9425","3657","34811","01077"
"195","88","19250","01079"
"2527","1057","29250","01080"
"1812","730","38036","01081"
"10175","4499","25263","01082"
"2928","1156","32596","01083"
"235","111","67917","01084"
"40212","15457","24693","01085"
"1463","0","0","01086"
"719","409","16250","01088"
"28320","11571","32975","01089"
"1460","568","41875","01092"
"355","137","32500","01093"
"214","154","15500","01094"
"14183","5417","30233","01095"
"2078","878","35357","01096"
"53","15","25417","01097"
"1136","516","33333","01098"
"2481","1545","10903","01103"
"23038","8876","15281","01104"
"13105","5217","17932","01105"
"16087","5765","47134","01106"
"11368","3773","15795","01107"
"24808","9155","32267","01108"
"31134","9436","25421","01109"
"13754","5675","32292","01118"
"15044","5138","27854","01119"
"2536","1036","40625","01128"
"7165","2835","31275","01129"
"8244","3365","23793","01151"
"0","0","0","01199"
"46257","20651","30214","01201"
"8706","3896","29545","01220"
"783","356","81125","01222"
"2358","1030","29375","01223"
"249","72","0","01224"
"3033","1282","33533","01225"
"6971","2740","33704","01226"
"178","66","0","01229"
"8697","3472","41204","01230"
"2861","1147","39762","01235"
"1323","591","56295","01236"
"2544","1017","32143","01237"
"6209","2579","33264","01238"
"4418","1958","40109","01240"
"578","120","35234","01242"
"249","111","32083","01243"
"172","54","0","01244"
"833","322","49821","01245"
"16213","6885","25859","01247"
"584","279","34643","01253"
"1187","482","63636","01254"
"985","381","31667","01255"
"706","293","23906","01256"
"2138","957","48571","01257"
"262","121","39167","01258"
"516","216","21750","01259"
"73","49","44583","01260"
"1040","462","43281","01262"
"138","75","56667","01264"
"1686","722","49688","01266"
"8035","2939","52841","01267"
"798","282","35417","01270"
"17822","7825","32996","01301"
"1574","666","51786","01330"
"13456","5199","31490","01331"
"2569","1112","28438","01337"
"245","82","73542","01338"
"1441","624","44330","01339"
"1734","705","38929","01340"
"1753","688","46167","01341"
"1234","469","90268","01342"
"113","46","44688","01343"
"1454","571","30500","01344"
"395","173","63750","01346"
"74","29","0","01347"
"980","414","32813","01349"
"122","72","18036","01350"
"2407","1066","44808","01351"
"1428","566","29250","01354"
"843","352","38250","01355"
"3034","1276","31328","01360"
"7942","3393","21108","01364"
"1335","472","33194","01366"
"450","213","33958","01367"
"1058","455","47083","01368"
"4362","1735","39327","01370"
"4770","2049","33068","01373"
"3696","1525","34632","01375"
"5329","2357","27857","01376"
"601","269","51667","01378"
"1042","437","66042","01379"
"40309","14752","28077","01420"
"6033","2184","42667","01430"
"3030","1060","39306","01431"
"6945","3045","41831","01432"
"1607","73","0","01434"
"3320","1133","26912","01436"
"379","191","0","01438"
"20479","8094","27611","01440"
"10478","3650","37014","01450"
"4711","1605","110234","01451"
"4341","1538","24056","01452"
"41069","16134","30529","01453"
"8810","3198","40960","01460"
"10034","3728","38920","01462"
"11407","4125","34760","01463"
"7235","2189","36719","01464"
"590","162","0","01467"
"4055","1465","17092","01468"
"6669","2327","38553","01469"
"7250","2611","39135","01473"
"2237","787","41500","01474"
"10250","3743","34564","01475"
"16025","6228","34082","01501"
"2819","1029","44038","01503"
"9028","3472","30078","01504"
"4320","1676","58068","01505"
"3363","1353","33864","01506"
"12827","4306","41467","01507"
"13614","5672","26943","01510"
"2058","737","46250","01515"
"8372","3221","54423","01516"
"2972","1137","30469","01518"
"6431","2304","47727","01519"
"14156","5147","53047","01520"
"2595","998","34107","01521"
"3041","1149","48413","01522"
"7329","2246","40865","01523"
"6841","2389","26500","01524"
"203","86","0","01525"
"13216","5144","31604","01527"
"3154","1060","36146","01529"
"1124","380","38125","01531"
"14180","5114","36688","01532"
"5142","1723","25691","01534"
"4686","1931","19678","01535"
"7063","2561","39297","01536"
"2312","1082","44625","01537"
"11377","4248","28869","01540"
"3412","1253","47000","01541"
"1744","591","51125","01542"
"7812","2558","49583","01543"
"35146","13081","44932","01545"
"16800","6548","23894","01550"
"4073","1511","21161","01560"
"359","130","0","01561"
"11715","4686","27170","01562"
"7768","2811","42381","01564"
"6161","2518","51053","01566"
"7281","2571","46818","01568"
"13171","4901","41938","01569"
"16752","7344","26364","01570"
"11276","3780","40417","01571"
"18285","6720","45174","01581"
"7600","2277","40313","01583"
"4448","1831","35714","01585"
"10262","3808","39048","01588"
"8808","3064","66500","01590"
"22353","9176","39188","01602"
"18858","7401","24212","01603"
"35564","14827","26778","01604"
"25895","10560","20239","01605"
"20283","8560","33612","01606"
"8425","3636","20580","01607"
"3961","1556","12778","01608"
"21346","7398","30536","01609"
"24114","7291","19440","01610"
"2362","891","33750","01611"
"4767","1591","39886","01612"
"30895","12206","47451","01701"
"36996","13992","31910","01702"
"563","194","0","01718"
"4957","1984","46111","01719"
"20897","7674","55114","01720"
"16305","6484","36172","01721"
"13297","5026","62792","01730"
"1883","423","0","01731"
"4827","1583","69205","01740"
"4814","1612","100000","01741"
"17719","6253","67917","01742"
"378","139","23417","01745"
"13512","4918","48315","01746"
"5909","2275","32419","01747"
"14691","4893","53367","01748"
"18845","7679","35982","01749"
"38087","15856","36149","01752"
"10083","4222","37056","01754"
"5787","2055","38229","01756"
"28008","10510","32005","01757"
"32559","13364","39400","01760"
"4102","1463","98750","01770"
"9293","3146","71761","01772"
"4701","1727","112841","01773"
"6488","2328","50327","01775"
"17482","5613","82863","01776"
"13062","4947","62417","01778"
"38252","15560","40823","01801"
"23998","9102","46574","01803"
"32945","11929","45526","01810"
"30168","10611","48438","01821"
"24934","9525","46035","01824"
"29213","11149","37000","01826"
"3128","1087","46667","01827"
"25062","10158","28529","01830"
"21934","8851","31839","01832"
"8083","2790","50536","01833"
"6401","2372","43021","01834"
"13548","5325","39435","01835"
"4432","2140","10816","01840"
"47741","15914","18452","01841"
"23686","9014","29928","01843"
"46687","17488","31068","01844"
"28156","10223","45643","01845"
"16170","5637","26103","01850"
"29726","10483","32024","01851"
"32664","13550","32545","01852"
"27336","9753","22971","01854"
"6297","2442","32411","01860"
"10145","3497","43083","01862"
"8676","3779","34340","01863"
"14703","5077","48850","01864"
"24083","8852","48601","01867"
"28395","10421","32357","01876"
"11198","3797","33986","01879"
"24699","9963","42141","01880"
"21716","7308","55938","01886"
"22116","7200","56157","01887"
"21205","7611","64844","01890"
"1832","993","10668","01901"
"44991","17218","20379","01902"
"19076","6939","43327","01904"
"24071","8850","32945","01905"
"26516","9917","37256","01906"
"13974","5595","48606","01907"
"3420","1531","53594","01908"
"16267","6543","41333","01913"
"39455","15278","40330","01915"
"7950","2665","88079","01921"
"3062","1004","50489","01922"
"26265","10282","41539","01923"
"3470","1383","37266","01929"
"28869","12310","36471","01930"
"38","0","0","01937"
"13127","5473","47117","01938"
"11793","4284","44955","01940"
"5137","2047","63092","01944"
"19811","7898","51905","01945"
"8839","2621","40224","01949"
"17370","7534","40385","01950"
"3585","1512","30694","01951"
"8212","3399","39298","01952"
"50674","20770","33072","01960"
"7021","3020","50966","01966"
"5815","2254","33977","01969"
"41051","17690","27681","01970"
"7809","2532","46827","01982"
"6075","2039","63304","01983"
"4831","1311","48929","01984"
"4222","1497","65417","01985"
"16165","5879","36037","02019"
"21408","8460","46554","02021"
"7483","2706","51594","02025"
"24521","9528","44052","02026"
"5564","1765","76375","02030"
"3709","1438","45603","02032"
"16734","6470","46994","02035"
"31317","10866","36684","02038"
"21916","8046","51182","02043"
"10391","4672","34573","02045"
"171","87","31222","02047"
"23094","8161","32310","02048"
"25360","9478","48964","02050"
"12004","4011","50104","02052"
"12670","4433","50595","02053"
"7852","3043","46852","02054"
"10994","3125","61625","02056"
"10430","3468","51818","02061"
"28483","11559","37120","02062"
"17643","6714","50785","02066"
"17341","6201","68750","02067"
"1831","275","95982","02071"
"27008","10502","36926","02072"
"18561","6933","46960","02081"
"14508","5172","46830","02090"
"10879","3978","49179","02093"
"3923","2141","59750","02108"
"4042","2012","46250","02109"
"1586","902","122083","02110"
"6995","3309","12898","02111"
"6768","4170","24348","02113"
"11882","6596","55000","02114"
"29413","10025","12845","02115"
"20689","10828","44655","02116"
"27113","12593","13377","02118"
"24166","9735","14292","02119"
"12691","4575","16625","02120"
"24972","9397","26250","02121"
"24761","8108","32582","02122"
"48384","17123","28383","02124"
"31503","11587","25357","02125"
"26719","9465","26519","02126"
"31954","14900","24431","02127"
"41128","14832","22531","02128"
"16685","7939","30705","02129"
"35323","15155","27206","02130"
"30914","11474","24873","02131"
"26813","10933","44125","02132"
"20183","9027","18286","02134"
"40493","19227","18104","02135"
"29082","10638","28973","02136"
"34301","14164","71141","02138"
"35994","15069","34274","02139"
"18398","8615","43500","02140"
"12716","6092","21077","02141"
"2902","1461","116500","02142"
"24652","11011","31071","02143"
"24338","10670","28847","02144"
"24061","9738","30456","02145"
"58826","23427","25928","02148"
"41074","15676","26070","02149"
"34872","12035","17576","02150"
"50845","19425","29089","02151"
"17430","7356","42704","02152"
"58211","22438","36159","02155"
"1664","473","0","02163"
"53270","24338","27885","02169"
"19889","7861","30575","02170"
"18325","7766","41676","02171"
"26864","10963","36903","02176"
"21413","8909","37282","02180"
"35409","13267","45728","02184"
"26828","8956","46042","02186"
"14233","6340","37473","02188"
"14350","6046","35375","02189"
"16308","6481","40981","02190"
"8674","3676","35625","02191"
"1218","756","60341","02199"
"0","0","0","02203"
"1658","972","170962","02210"
"23933","8025","14976","02215"
"60850","21941","30954","02301"
"33066","11297","33002","02302"
"4341","1609","30304","02322"
"26508","7927","42721","02324"
"11481","4286","32940","02330"
"14978","5256","58063","02332"
"13704","4682","42438","02333"
"7516","2798","25809","02338"
"13813","4729","54125","02339"
"10180","3468","51719","02341"
"10527","4152","40963","02343"
"22807","8059","46451","02346"
"10533","3586","50069","02347"
"15841","5962","39828","02351"
"13043","4227","42198","02356"
"1011","13","0","02357"
"17708","6259","43611","02359"
"55865","20946","41198","02360"
"12556","4624","37808","02364"
"146","0","0","02366"
"2799","991","50000","02367"
"32089","12082","29170","02368"
"17515","6912","35489","02370"
"9007","3612","45430","02375"
"6896","2432","44750","02379"
"14430","5192","32563","02382"
"13831","4956","76125","02420"
"17298","6455","74152","02421"
"21110","8591","64744","02445"
"28601","13268","38063","02446"
"16662","7317","41939","02451"
"14318","4820","46000","02452"
"29229","11383","37589","02453"
"1278","11","0","02457"
"11048","4663","30893","02458"
"18244","6532","68869","02459"
"9080","3578","56250","02460"
"6923","2636","79375","02461"
"1453","627","55481","02462"
"2834","1169","17250","02464"
"11759","4300","70306","02465"
"8338","2982","40847","02466"
"21952","6237","87643","02467"
"4897","1747","102216","02468"
"32025","14134","40411","02472"
"26433","11955","55456","02474"
"16137","7052","39784","02476"
"24473","9438","59444","02478"
"16021","4596","80313","02481"
"10519","3946","54034","02482"
"19901","6961","65964","02492"
"11229","3557","99135","02493"
"8885","3389","47286","02494"
"11698","4956","35384","02532"
"895","392","63242","02534"
"1267","394","46250","02535"
"19864","8520","46760","02536"
"6181","2358","49871","02537"
"3451","1317","37500","02538"
"4034","1466","82958","02539"
"8355","4105","41221","02540"
"1237","367","0","02542"
"613","338","136346","02543"
"275","140","0","02553"
"9914","3650","39637","02554"
"2880","1358","42069","02556"
"4449","1429","32966","02557"
"1363","724","27650","02558"
"3772","1714","40777","02559"
"443","182","63889","02561"
"3403","1285","41333","02562"
"10285","3988","45727","02563"
"221","95","0","02564"
"3999","1297","22393","02568"
"11535","4839","34623","02571"
"2421","919","72321","02575"
"3492","1417","27917","02576"
"0","0","0","02584"
"13442","6325","31220","02601"
"1706","878","40598","02630"
"9734","4281","51165","02631"
"11491","4997","49688","02632"
"4298","2033","66389","02633"
"3464","1517","57132","02635"
"105","62","61250","02637"
"3378","1650","40169","02638"
"3368","1460","35125","02639"
"532","269","81576","02641"
"5011","2404","50636","02642"
"9","9","0","02643"
"3934","1268","38654","02644"
"9440","4094","40988","02645"
"1771","908","46875","02646"
"125","65","90938","02647"
"7633","3112","46013","02648"
"13900","5753","45980","02649"
"884","413","64808","02650"
"0","0","0","02651"
"1407","600","40667","02652"
"6001","2914","57292","02653"
"3638","1630","60375","02655"
"2994","1645","44318","02657"
"915","423","50156","02659"
"5881","2738","44500","02660"
"49","49","0","02663"
"9295","4712","34657","02664"
"496","273","87250","02666"
"2809","1572","54207","02667"
"3414","1289","58558","02668"
"80","51","81125","02669"
"1233","673","57813","02670"
"1103","573","36705","02671"
"109","72","29043","02672"
"8793","4178","38613","02673"
"6190","3107","46922","02675"
"4090","1483","31125","02702"
"43459","16393","29933","02703"
"145","35","85000","02713"
"2747","953","28367","02715"
"4738","1667","43000","02717"
"6919","2435","32614","02718"
"15915","6444","27210","02719"
"31341","13192","26219","02720"
"25660","10867","21349","02721"
"14753","6457","20363","02723"
"16882","7580","18202","02724"
"2779","970","33315","02725"
"15393","6013","32382","02726"
"4926","1873","49808","02738"
"6073","2436","54522","02739"
"43505","17730","20700","02740"
"10310","3829","31019","02743"
"11892","4794","17974","02744"
"25039","10352","29858","02745"
"14451","5939","18324","02746"
"20903","6839","40910","02747"
"12974","5328","30778","02748"
"26666","9855","36049","02760"
"8176","3232","30189","02762"
"1927","571","35221","02763"
"4256","1433","36050","02764"
"18970","6297","43883","02766"
"13383","4773","43650","02767"
"11470","4093","44191","02769"
"5135","1681","38917","02770"
"13700","4752","35950","02771"
"15886","6173","33459","02777"
"6336","1970","29375","02779"
"48836","19330","30790","02780"
"15941","5996","42395","02790"
"29","15","0","02791"
"460","295","50000","02802"
"2761","1132","56938","02804"
"16415","5803","53377","02806"
"953","440","73438","02807"
"2704","1038","27604","02808"
"23116","8936","41273","02809"
"1829","623","75104","02812"
"7854","3145","47035","02813"
"7467","2769","36656","02814"
"283","89","0","02815"
"32825","12652","36090","02816"
"6028","2238","58750","02817"
"18296","7236","43107","02818"
"6227","2175","52500","02822"
"5377","1876","62554","02825"
"387","221","6995","02826"
"2082","794","42292","02827"
"7488","2952","36462","02828"
"6974","2589","19859","02830"
"3340","1164","28625","02831"
"5166","2134","46053","02832"
"467","247","20673","02833"
"5418","2330","80833","02835"
"61","32","0","02836"
"3502","1412","77813","02837"
"3713","1498","34018","02838"
"1999","744","48333","02839"
"23652","10897","42769","02840"
"969","0","0","02841"
"16200","6433","42937","02842"
"22706","9013","53422","02852"
"8256","3086","50288","02857"
"526","136","0","02858"
"6246","2183","34250","02859"
"44005","18344","19736","02860"
"27555","10820","28395","02861"
"19360","6687","17076","02863"
"33085","12927","33175","02864"
"17119","6631","38980","02865"
"17239","6972","41042","02871"
"79","40","0","02872"
"105","52","0","02873"
"5838","2111","53250","02874"
"366","183","31318","02875"
"81","70","0","02876"
"15706","6516","40030","02878"
"21009","8563","51117","02879"
"7258","1139","53917","02881"
"14397","6213","44641","02882"
"10733","4550","33656","02885"
"29449","12904","29167","02886"
"19718","8472","28435","02888"
"28676","11507","34022","02889"
"20997","8687","40403","02891"
"4390","1577","39007","02892"
"29446","12943","32020","02893"
"303","133","58578","02894"
"41476","16659","25983","02895"
"11771","4459","30889","02896"
"1546","542","47083","02898"
"10011","4400","14375","02903"
"29446","13171","25229","02904"
"25685","8470","25337","02905"
"28673","11480","59831","02906"
"28081","8665","21826","02907"
"38895","12831","24989","02908"
"41014","13930","25282","02909"
"21167","8307","28285","02910"
"15757","6608","26690","02911"
"2014","7","0","02912"
"22154","9237","25377","02914"
"16506","7590","24381","02915"
"8605","3733","41154","02916"
"13965","4297","32200","02917"
"28832","11448","24784","02919"
"37908","14125","33132","02920"
"11792","4163","30197","02921"
"11198","3941","61080","03031"
"4958","1705","34932","03032"
"4930","1668","60536","03033"
"3985","1459","48333","03034"
"4684","1551","48889","03036"
"4200","1476","61250","03037"
"33689","12970","34837","03038"
"6261","2465","44435","03042"
"1606","613","70208","03043"
"4232","1486","64167","03044"
"13704","5112","29620","03045"
"2727","1041","77708","03046"
"1493","558","43068","03047"
"3656","1355","33000","03048"
"7653","2680","51786","03049"
"24394","8808","43092","03051"
"8216","2730","54563","03052"
"23909","8310","52813","03053"
"25559","9421","45462","03054"
"15009","5896","32591","03055"
"2467","831","75313","03057"
"28182","12057","25056","03060"
"28026","10689","39534","03062"
"15871","6654","43073","03063"
"14784","5820","47768","03064"
"5228","1839","76949","03070"
"5039","1547","37212","03071"
"12742","4275","46184","03076"
"10158","3899","24813","03077"
"28893","11194","37122","03079"
"1459","574","34063","03082"
"1399","580","39167","03084"
"3814","1442","38600","03086"
"13378","4560","40278","03087"
"2835","1691","13080","03101"
"31707","13028","26686","03102"
"36649","14055","30505","03103"
"32309","13311","38727","03104"
"13317","4716","49828","03106"
"10251","3987","42586","03109"
"20980","7002","55111","03110"
"428","185","51136","03215"
"2021","789","51250","03216"
"1507","684","21964","03217"
"760","266","27083","03218"
"7364","2886","24945","03220"
"1910","769","31250","03221"
"5673","2269","34295","03222"
"3385","1351","25679","03223"
"2458","954","56667","03224"
"3834","1441","53333","03225"
"960","414","38833","03226"
"1054","494","38125","03227"
"5622","2373","67016","03229"
"1178","490","23438","03230"
"401","161","65208","03231"
"167","69","6853","03233"
"4555","1626","31125","03234"
"8675","3413","23525","03235"
"2601","940","18977","03237"
"62","23","0","03238"
"1325","553","29318","03240"
"739","301","36750","03241"
"4837","1689","33438","03242"
"1270","445","40417","03243"
"8117","3030","40850","03244"
"1600","657","46346","03245"
"16126","6885","36464","03246"
"7157","3003","45417","03249"
"1261","591","38636","03251"
"6260","2864","54007","03253"
"4131","1777","55781","03254"
"2092","827","45536","03255"
"2283","877","42969","03256"
"4367","1652","59286","03257"
"2524","941","37143","03258"
"318","159","61429","03259"
"748","300","55469","03260"
"4208","1753","44500","03261"
"1301","521","27368","03262"
"4128","1528","22188","03263"
"7378","2305","43917","03264"
"2277","920","37386","03266"
"1205","451","48125","03268"
"2939","1153","47266","03269"
"275","95","36806","03273"
"11585","4673","32401","03275"
"8410","3199","28524","03276"
"3012","1125","38661","03278"
"679","288","38125","03279"
"1116","465","57222","03280"
"8711","3012","57786","03281"
"999","390","38929","03282"
"866","329","36250","03284"
"2512","959","26250","03285"
"1310","511","36750","03287"
"4636","1732","42031","03290"
"50","12","0","03291"
"79","43","28125","03293"
"33116","13859","32216","03301"
"15523","6264","31196","03303"
"7559","2577","66638","03304"
"5281","1912","63964","03307"
"25466","9923","31875","03431"
"2623","1039","39250","03440"
"384","164","0","03441"
"1347","551","32917","03442"
"939","343","39635","03443"
"1665","585","45469","03444"
"749","260","38750","03445"
"6246","2453","33352","03446"
"2389","1071","38750","03447"
"588","244","38750","03448"
"1703","724","50238","03449"
"857","407","34375","03450"
"4081","1835","25247","03451"
"5498","2314","30608","03452"
"2077","877","42740","03455"
"990","358","35521","03456"
"895","374","54167","03457"
"6654","2964","41250","03458"
"5991","1868","58287","03461"
"1596","679","52381","03462"
"1000","397","30556","03464"
"1974","774","34250","03465"
"1115","412","57440","03466"
"2045","687","44922","03467"
"5086","1972","33289","03470"
"5968","2554","34764","03561"
"10126","4457","26473","03570"
"2502","1105","24750","03574"
"73","25","0","03575"
"3205","1555","24441","03576"
"457","244","24167","03579"
"1499","593","62833","03580"
"3263","1544","25192","03581"
"2795","1197","28889","03582"
"865","392","44375","03583"
"3638","1480","31118","03584"
"2599","1094","35694","03585"
"629","280","44808","03586"
"1750","756","30833","03588"
"1175","554","27778","03590"
"1266","645","36736","03592"
"460","205","61250","03593"
"578","254","34792","03595"
"505","189","28125","03597"
"3152","1404","24519","03598"
"490","162","46875","03601"
"2570","976","37361","03602"
"5486","2471","21786","03603"
"250","104","0","03604"
"1144","428","24500","03605"
"261","127","22500","03607"
"2227","879","39464","03608"
"1267","431","24688","03609"
"733","282","28000","03740"
"4213","1613","27404","03741"
"14200","6016","27745","03743"
"1520","590","48750","03745"
"175","82","27500","03746"
"4625","2101","35268","03748"
"883","290","49886","03750"
"593","254","80208","03751"
"816","341","46250","03752"
"2914","1113","50556","03753"
"41","14","0","03754"
"10395","2549","76541","03755"
"576","259","22279","03765"
"9310","4188","37847","03766"
"1950","756","62500","03768"
"445","143","85469","03770"
"918","347","28472","03771"
"7833","3259","30000","03773"
"1415","549","32100","03774"
"1332","501","81667","03777"
"864","337","60833","03779"
"365","188","32386","03780"
"2083","766","48750","03781"
"2944","1320","60625","03782"
"3893","1821","36272","03784"
"2909","1081","31850","03785"
"21598","10275","43579","03801"
"3566","1417","41818","03809"
"1648","698","44044","03810"
"6739","2642","38798","03811"
"690","311","43789","03812"
"3490","1399","25231","03813"
"2234","957","36500","03814"
"1450","539","66500","03816"
"786","418","24048","03817"
"3848","1698","35625","03818"
"4379","1545","43092","03819"
"29907","12440","34624","03820"
"1927","579","65833","03823"
"14508","3344","70446","03824"
"8445","2873","49279","03825"
"2660","994","21786","03826"
"3051","1149","49286","03827"
"1235","562","29639","03830"
"413","175","45833","03832"
"20823","8164","44908","03833"
"6726","2613","23967","03835"
"1077","566","38646","03836"
"1138","414","35121","03837"
"1166","528","50231","03838"
"3795","1488","25000","03839"
"3533","1355","71840","03840"
"6199","2508","40714","03841"
"15260","6849","44647","03842"
"2247","835","76875","03844"
"990","479","42372","03845"
"874","381","62344","03846"
"185","108","0","03847"
"6034","2267","39280","03848"
"1307","574","34632","03849"
"276","132","40500","03850"
"3914","1515","33466","03851"
"646","198","0","03852"
"868","400","77917","03853"
"941","428","82222","03854"
"2614","964","44792","03855"
"1862","594","38750","03856"
"8986","3710","44852","03857"
"4596","1679","39297","03858"
"4111","1775","29015","03860"
"4337","1756","49688","03861"
"4316","1764","65563","03862"
"1845","674","49375","03864"
"7667","3016","38725","03865"
"20295","8504","38969","03867"
"5827","2399","40586","03868"
"2522","1018","44688","03869"
"5282","2273","57254","03870"
"39","26","0","03871"
"3834","1620","33466","03872"
"5625","1809","46250","03873"
"8876","3978","42617","03874"
"919","397","54940","03875"
"11859","4751","30846","03878"
"1461","508","40156","03882"
"88","41","14792","03883"
"3944","1317","58922","03884"
"7208","2673","53894","03885"
"1970","832","30625","03886"
"2175","856","39868","03887"
"283","121","0","03890"
"6302","2678","46219","03894"
"7218","2562","29861","03901"
"1962","889","64792","03902"
"6219","2606","49663","03903"
"8054","3671","37014","03904"
"1519","754","26607","03905"
"4568","1797","36964","03906"
"1174","588","46538","03907"
"7219","2695","42850","03908"
"10342","4486","35824","03909"
"136","77","40000","03910"
"222","124","250001","03911"
"2237","902","39013","04001"
"7335","2798","36250","04002"
"656","251","21058","04003"
"23525","9597","27080","04005"
"30","17","0","04006"
"2716","1114","38641","04008"
"5179","2348","25870","04009"
"1358","506","31250","04010"
"20457","8411","38588","04011"
"3707","1585","46250","04015"
"263","158","28750","04017"
"72","15","0","04019"
"1546","597","19712","04020"
"5933","2078","48534","04021"
"1053","470","49821","04022"
"622","214","28333","04024"
"5984","2251","32799","04027"
"1609","730","38906","04029"
"2100","743","19570","04030"
"7899","3466","33909","04032"
"3877","1400","31719","04037"
"16217","5366","41786","04038"
"7107","2831","40469","04039"
"3040","1283","39115","04040"
"1704","581","26667","04041"
"4290","1652","36500","04042"
"10844","4449","52154","04043"
"7526","3019","42250","04046"
"1649","651","39659","04047"
"2930","948","21548","04048"
"3607","1355","27679","04049"
"329","161","52083","04050"
"1052","449","60938","04051"
"3806","1564","47175","04055"
"128","61","21944","04056"
"9","0","0","04057"
"3429","1225","19250","04061"
"16851","6388","37568","04062"
"259","187","12902","04063"
"8452","4010","35147","04064"
"344","196","85233","04066"
"1591","664","24569","04068"
"1427","585","48056","04069"
"5168","2159","36583","04071"
"18455","7469","28558","04072"
"16294","6663","25143","04073"
"18685","7315","46889","04074"
"2659","985","30104","04076"
"3814","1662","56442","04079"
"4648","1895","23422","04083"
"8339","3016","36250","04084"
"1513","628","48164","04085"
"8869","3564","57407","04086"
"2067","738","21750","04087"
"2141","659","45750","04088"
"9643","4123","43989","04090"
"904","336","29444","04091"
"17410","7594","24586","04092"
"8035","3211","37670","04093"
"1252","524","22813","04095"
"8383","3387","57869","04096"
"3555","1296","50208","04097"
"17646","9231","18011","04101"
"16629","7760","38005","04102"
"30857","13631","32976","04103"
"11100","4394","42169","04105"
"25048","10778","28357","04106"
"9021","3622","42625","04107"
"919","440","32847","04108"
"117","49","0","04109"
"1259","436","90735","04110"
"23180","10075","26754","04210"
"515","213","26786","04216"
"3096","1229","27760","04217"
"1436","585","25278","04219"
"2744","1164","26912","04220"
"1183","443","27404","04221"
"3821","1418","37794","04222"
"2977","1253","22434","04224"
"146","68","32813","04226"
"38","13","0","04227"
"19","10","0","04228"
"171","96","48750","04231"
"105","34","0","04234"
"4344","1671","25938","04236"
"154","71","17500","04237"
"1409","470","27321","04238"
"4883","1874","29479","04239"
"36629","15046","27318","04240"
"4055","1761","30338","04250"
"5010","2031","41000","04252"
"2162","865","24338","04253"
"3181","1340","25750","04254"
"970","321","30625","04255"
"3060","1195","35156","04256"
"2727","1152","16518","04257"
"2583","907","22500","04258"
"3129","1108","22548","04259"
"5489","1931","44583","04260"
"450","194","36000","04261"
"2066","750","44286","04263"
"990","323","54028","04265"
"56","26","21250","04267"
"5019","2111","43500","04268"
"5890","2353","28024","04270"
"0","0","0","04271"
"5346","2237","19740","04274"
"441","206","26250","04275"
"5955","2795","22258","04276"
"6645","2441","26607","04280"
"5177","2220","30208","04281"
"5684","2221","34706","04282"
"976","450","48125","04284"
"408","172","39821","04285"
"100","51","0","04286"
"3216","1122","36375","04287"
"2062","724","42500","04289"
"1553","668","25625","04290"
"874","349","29167","04292"
"4094","1678","27115","04294"
"26080","11784","27176","04330"
"1872","854","29904","04342"
"72","28","0","04343"
"2871","1237","45875","04344"
"11628","4971","36016","04345"
"2061","903","38417","04346"
"2570","1175","45341","04347"
"2977","1210","35333","04348"
"1158","510","49327","04349"
"3574","1333","34278","04350"
"2582","1037","37614","04351"
"1429","626","49500","04352"
"2411","889","39196","04353"
"1517","614","44375","04354"
"2584","943","48375","04355"
"3426","1508","27083","04357"
"4221","1804","31228","04358"
"396","184","31645","04359"
"625","273","20000","04360"
"2546","1046","33542","04363"
"6059","2467","41719","04364"
"44907","19114","27141","04401"
"659","316","37083","04406"
"139","50","37500","04408"
"1057","417","25625","04410"
"1359","568","33036","04411"
"9457","4123","31007","04412"
"186","75","21250","04413"
"1433","634","30583","04414"
"138","76","38250","04415"
"5497","2293","33690","04416"
"392","164","22989","04417"
"1566","609","27833","04418"
"2759","1181","14338","04419"
"1693","386","48750","04421"
"1534","469","21806","04422"
"909","362","32273","04424"
"4689","2031","27475","04426"
"2801","1076","32763","04427"
"3106","1282","32991","04428"
"4847","2075","24833","04429"
"1917","819","26875","04430"
"66","32","0","04431"
"1290","496","33182","04434"
"1120","431","17143","04435"
"1303","481","19750","04438"
"2008","915","25536","04441"
"71","41","33289","04442"
"2574","1123","19982","04443"
"8767","3330","34453","04444"
"1342","569","22411","04448"
"1345","564","21875","04449"
"1162","527","22750","04450"
"261","137","24250","04451"
"725","299","11786","04453"
"73","32","12000","04454"
"1182","373","23214","04455"
"2793","1114","34063","04456"
"5852","2367","25037","04457"
"1167","516","21348","04459"
"1395","605","23500","04460"
"3069","1260","36875","04461"
"4965","2206","21961","04462"
"2631","1231","19417","04463"
"648","290","21563","04464"
"9540","4103","29167","04468"
"2642","0","0","04469"
"497","237","23477","04471"
"1979","862","43611","04472"
"7596","2774","42727","04473"
"3722","1499","50764","04474"
"515","225","26750","04475"
"1057","472","29766","04476"
"316","146","23021","04478"
"1421","663","19881","04479"
"542","235","29519","04481"
"326","131","24167","04485"
"813","325","21000","04487"
"1249","520","26333","04488"
"207","81","0","04489"
"264","108","14375","04490"
"129","53","22500","04491"
"136","77","7500","04492"
"1877","749","30000","04493"
"389","194","28333","04495"
"3761","1460","26250","04496"
"396","159","20833","04497"
"11028","4996","32824","04530"
"576","285","41042","04535"
"2020","933","33438","04537"
"2147","999","47167","04538"
"1255","570","43472","04539"
"62","34","0","04541"
"2241","903","48527","04543"
"700","394","40100","04544"
"1135","479","32917","04547"
"826","370","34167","04548"
"824","332","34750","04551"
"1728","751","30833","04553"
"645","373","39844","04554"
"1551","673","43155","04555"
"1088","469","40625","04556"
"291","150","25417","04558"
"2392","967","38125","04562"
"1291","518","39375","04563"
"510","252","83438","04564"
"528","255","50500","04568"
"0","0","0","04570"
"404","201","107750","04571"
"5082","2129","34167","04572"
"448","169","59063","04573"
"1483","586","38194","04574"
"134","62","82708","04575"
"509","267","50368","04576"
"4539","1830","45650","04578"
"3073","1212","39531","04579"
"12564","5413","32119","04605"
"1164","475","47639","04606"
"1049","492","35833","04607"
"5038","2174","29464","04609"
"507","234","23750","04611"
"688","292","31563","04612"
"175","79","36406","04613"
"2552","1232","30750","04614"
"967","429","37143","04616"
"921","426","44643","04617"
"3167","1579","18514","04619"
"1322","577","21250","04622"
"1019","444","27500","04623"
"170","78","37014","04624"
"52","22","19583","04625"
"603","224","18125","04626"
"1738","782","27156","04627"
"677","292","20809","04628"
"109","38","0","04629"
"1310","556","23036","04630"
"1406","692","20843","04631"
"2031","870","30000","04634"
"57","19","0","04635"
"153","86","40625","04637"
"2036","952","33977","04640"
"81","48","24583","04642"
"1079","433","21484","04643"
"176","66","0","04644"
"78","39","0","04645"
"59","32","58750","04646"
"584","247","37692","04648"
"1362","591","30500","04649"
"222","117","20104","04650"
"1765","791","22313","04652"
"505","276","14861","04653"
"3484","1391","23450","04654"
"1180","390","37656","04655"
"353","167","29583","04657"
"1325","555","33977","04658"
"1179","579","55588","04660"
"393","258","42083","04662"
"1271","534","51250","04664"
"1281","563","28750","04666"
"1504","595","16786","04667"
"1734","657","17083","04668"
"174","100","61500","04669"
"609","268","36250","04671"
"166","63","97917","04673"
"585","261","29500","04674"
"347","123","75000","04675"
"983","402","46250","04676"
"243","118","38958","04677"
"1865","888","20461","04679"
"1043","443","27500","04680"
"1169","529","42188","04681"
"58","32","0","04683"
"1634","688","42639","04684"
"413","177","39583","04685"
"78","42","20625","04686"
"497","197","45536","04691"
"473","259","28542","04693"
"2116","1009","31563","04694"
"10048","4084","24722","04730"
"1724","751","22837","04732"
"165","80","45952","04733"
"753","315","28977","04734"
"759","289","19671","04735"
"9850","4096","21726","04736"
"963","383","23333","04739"
"1204","512","23667","04740"
"0","0","0","04741"
"3505","1555","19762","04742"
"4638","1967","20354","04743"
"1104","444","35417","04745"
"479","197","24583","04746"
"1495","617","20833","04747"
"2661","1057","23289","04750"
"3653","1659","22917","04756"
"2796","1151","27143","04757"
"1613","655","27171","04758"
"678","296","14737","04760"
"563","265","26597","04761"
"543","228","31250","04762"
"675","291","24306","04763"
"46","26","53750","04764"
"1354","599","20893","04765"
"395","148","26500","04766"
"397","201","20833","04768"
"9677","4118","26736","04769"
"798","375","18750","04772"
"459","225","31406","04773"
"629","321","26597","04774"
"858","387","25625","04776"
"467","168","23750","04777"
"415","158","58073","04779"
"793","291","30833","04780"
"567","241","21500","04781"
"384","186","29500","04783"
"3190","1320","20927","04785"
"1959","842","26012","04786"
"482","179","24861","04787"
"7372","3280","23302","04841"
"4932","2270","35189","04843"
"1596","596","28750","04847"
"597","305","49583","04848"
"3422","1544","29738","04849"
"65","32","24375","04851"
"37","25","0","04852"
"468","199","65250","04853"
"1570","702","37625","04854"
"208","140","25901","04855"
"3382","1276","61250","04856"
"1555","647","41667","04858"
"642","249","48977","04859"
"1797","845","31121","04860"
"2854","1267","27022","04861"
"3735","1444","33681","04862"
"1117","529","27000","04863"
"4692","1778","25074","04864"
"26294","10566","28378","04901"
"1879","730","24688","04910"
"2028","801","21642","04911"
"1170","413","21696","04912"
"8934","3980","28934","04915"
"2894","1162","33750","04917"
"288","154","28839","04918"
"1698","837","18125","04920"
"1617","690","18125","04921"
"1296","498","22589","04922"
"557","236","24464","04923"
"2218","847","31607","04924"
"63","43","35000","04925"
"90","46","0","04926"
"3485","1448","29886","04927"
"2311","924","26591","04928"
"753","359","31250","04929"
"4458","1798","24167","04930"
"1101","442","24821","04932"
"0","0","0","04933"
"278","149","37875","04936"
"6703","2802","28849","04937"
"9910","3715","23750","04938"
"1065","428","24750","04939"
"46","46","0","04940"
"1699","699","17300","04941"
"1173","528","19091","04942"
"1920","793","22039","04943"
"30","15","0","04944"
"1209","539","21250","04945"
"1616","697","32500","04947"
"787","315","30313","04949"
"4830","1931","29597","04950"
"1007","437","30972","04951"
"1926","784","27857","04952"
"3276","1542","19329","04953"
"1497","573","26750","04955"
"734","301","24083","04956"
"4194","1735","29732","04957"
"1894","846","25455","04958"
"933","491","28594","04961"
"154","73","35089","04962"
"7128","2918","32250","04963"
"189","95","33750","04964"
"2145","847","23750","04965"
"1940","766","26518","04966"
"4256","1635","24297","04967"
"1231","490","48750","04969"
"1536","717","35446","04970"
"1873","745","25865","04971"
"1472","610","27188","04973"
"2641","1050","24279","04974"
"0","0","0","04975"
"10104","4335","25286","04976"
"744","317","41667","04978"
"1087","447","26447","04979"
"2146","927","29485","04981"
"594","225","31667","04982"
"1731","727","23654","04983"
"619","260","24167","04984"
"65","41","30000","04985"
"1674","654","30875","04986"
"866","358","24583","04987"
"2145","823","17386","04988"
"4172","1719","32802","04989"
"67","16","0","04992"
"9368","4363","32835","05001"
"97","57","85000","05031"
"3086","1408","29734","05032"
"2680","1150","30515","05033"
"191","100","14318","05034"
"481","214","60833","05035"
"901","371","45625","05036"
"533","219","50313","05037"
"1378","606","31250","05038"
"846","378","37344","05039"
"522","206","37857","05040"
"725","131","0","05041"
"625","265","48125","05042"
"939","368","44107","05043"
"2067","812","47292","05045"
"1012","414","24732","05046"
"2557","1074","42109","05048"
"185","58","38750","05050"
"1714","756","28333","05051"
"201","100","0","05052"
"435","188","29583","05053"
"3433","1494","55375","05055"
"472","224","62708","05056"
"266","109","52083","05058"
"658","298","23628","05059"
"4355","1881","35765","05060"
"1371","361","60714","05061"
"715","297","57632","05062"
"1197","482","35000","05065"
"214","99","59531","05067"
"3154","1406","41667","05068"
"589","220","60250","05069"
"533","229","63333","05070"
"452","184","44821","05071"
"527","224","36136","05072"
"1049","458","121000","05075"
"545","178","27500","05076"
"1136","486","36250","05077"
"590","263","28333","05079"
"487","209","31667","05081"
"103","49","0","05083"
"55","30","53947","05084"
"776","318","23438","05086"
"5026","2007","27325","05089"
"3270","1461","68333","05091"
"4942","2098","26845","05101"
"61","36","11875","05141"
"777","296","40341","05142"
"4140","1940","35067","05143"
"658","315","27250","05146"
"1145","513","40833","05148"
"2243","974","29943","05149"
"929","401","33056","05150"
"1407","547","37813","05151"
"450","197","58438","05152"
"653","307","35179","05153"
"643","245","37083","05154"
"609","306","33571","05155"
"9275","3829","32011","05156"
"1348","536","22250","05158"
"546","274","54375","05161"
"14742","5977","29931","05201"
"3534","1573","43162","05250"
"1556","669","63558","05251"
"290","134","37000","05252"
"414","241","56875","05253"
"396","182","120000","05254"
"3990","1887","36440","05255"
"2798","851","33125","05257"
"416","138","61688","05260"
"2705","1128","28750","05261"
"2554","1111","46964","05262"
"16692","7622","29481","05301"
"560","277","49000","05340"
"458","214","34922","05341"
"548","248","55313","05342"
"854","343","58750","05343"
"2209","955","51458","05345"
"4784","1890","35850","05346"
"814","314","19500","05350"
"825","353","33000","05352"
"1061","459","44265","05353"
"2248","881","25795","05354"
"669","297","40875","05355"
"900","443","33438","05356"
"214","99","36250","05358"
"597","303","36964","05359"
"231","93","66250","05360"
"963","391","30938","05361"
"106","57","93750","05362"
"2334","1101","57188","05363"
"27979","12559","27813","05401"
"17317","7662","37557","05403"
"7100","3158","22871","05404"
"3968","0","0","05405"
"10525","4344","40476","05408"
"1595","0","0","05439"
"1870","816","28580","05440"
"1079","370","41000","05441"
"341","144","37188","05442"
"6614","2669","38646","05443"
"1756","737","15750","05444"
"3739","1416","55227","05445"
"15654","6208","41553","05446"
"89","34","28333","05447"
"1167","473","31250","05448"
"4645","1804","27083","05450"
"19623","7755","44877","05452"
"4680","1740","38750","05454"
"1058","387","30417","05455"
"1415","520","46458","05456"
"1652","708","34375","05457"
"2062","956","48625","05458"
"2390","874","29904","05459"
"4504","1890","61250","05461"
"1957","820","37708","05462"
"512","209","22083","05463"
"2764","1110","28092","05464"
"5295","1972","64044","05465"
"12958","4816","42500","05468"
"641","294","23438","05471"
"1594","654","36250","05472"
"1375","572","51477","05473"
"863","441","44583","05474"
"3433","1337","24583","05476"
"4473","1798","47463","05477"
"14025","5745","32831","05478"
"0","0","0","05481"
"7195","2869","63750","05482"
"1354","462","21932","05483"
"57","31","0","05485"
"1749","772","37045","05486"
"1589","606","24531","05487"
"7743","2949","32647","05488"
"3080","1168","44167","05489"
"5791","2188","38359","05491"
"805","334","33250","05492"
"1863","681","53482","05494"
"9190","3727","41385","05495"
"11532","5250","34665","05602"
"236","105","28750","05640"
"17396","7358","32456","05641"
"1087","435","29375","05647"
"444","211","29375","05648"
"817","298","56354","05649"
"1091","442","27292","05650"
"1698","692","32266","05651"
"749","298","39375","05652"
"423","178","42083","05653"
"850","411","18986","05654"
"2869","1205","29735","05655"
"3476","1338","18015","05656"
"30","14","0","05657"
"1796","659","30170","05658"
"1583","649","38125","05660"
"5595","2371","33382","05661"
"6844","2103","37639","05663"
"0","0","0","05664"
"2301","885","33594","05667"
"392","210","36354","05669"
"4298","1859","62500","05672"
"2520","1151","51382","05673"
"1464","626","80972","05674"
"1076","442","46250","05675"
"5272","2269","34293","05676"
"1914","840","29464","05677"
"157","74","0","05678"
"3294","1411","27386","05679"
"2119","877","29643","05680"
"344","169","14773","05681"
"1312","515","33750","05682"
"20484","9065","29217","05701"
"206","107","63750","05730"
"706","325","27941","05732"
"6045","2624","39915","05733"
"1378","576","55294","05734"
"4191","1548","24402","05735"
"1042","391","58375","05736"
"769","335","43125","05737"
"1031","431","40781","05738"
"1464","556","40000","05739"
"19","10","0","05740"
"797","281","13824","05742"
"4383","1765","23732","05743"
"501","186","29779","05744"
"318","148","48750","05747"
"421","175","51875","05748"
"794","377","46500","05751"
"10519","3718","43969","05753"
"742","334","45833","05757"
"744","330","39792","05758"
"1811","847","46875","05759"
"1028","420","33750","05760"
"1185","442","39083","05761"
"534","215","46667","05762"
"2525","1153","50473","05763"
"3503","1280","32174","05764"
"1846","795","35000","05765"
"513","204","51563","05766"
"964","478","33889","05767"
"1181","452","39625","05769"
"1099","432","39896","05770"
"547","247","39875","05772"
"2290","944","34330","05773"
"1233","539","36167","05774"
"658","269","18750","05775"
"806","372","39291","05776"
"3650","1463","22409","05777"
"705","276","37083","05778"
"9518","4148","21386","05819"
"653","260","19688","05820"
"1375","493","39750","05821"
"1826","742","22019","05822"
"1033","417","25938","05824"
"271","106","25227","05825"
"1013","392","21500","05826"
"247","111","21125","05827"
"2139","949","30375","05828"
"1730","759","16354","05829"
"1829","695","25875","05830"
"924","383","45417","05832"
"151","61","68250","05833"
"1159","409","29219","05836"
"395","157","31250","05837"
"827","300","41250","05839"
"387","190","39167","05841"
"629","211","41250","05842"
"2565","929","32647","05843"
"1151","429","28333","05845"
"1016","518","21875","05846"
"935","348","19583","05847"
"283","56","0","05850"
"6376","2494","22147","05851"
"737","265","29444","05853"
"7376","2857","23250","05855"
"1479","607","26477","05857"
"511","202","30903","05858"
"1958","773","24762","05859"
"2380","951","27308","05860"
"381","172","25114","05862"
"592","242","35250","05866"
"962","386","33056","05867"
"306","131","16591","05868"
"1501","613","31083","05871"
"663","253","24375","05872"
"543","231","51964","05873"
"538","209","25000","05874"
"387","168","57917","05875"
"3","3","0","05901"
"151","75","34375","05902"
"1007","416","26667","05903"
"244","119","21964","05904"
"770","357","26667","05905"
"1315","551","21354","05906"
"179","89","29167","05907"
"18172","7183","56154","06001"
"20406","8500","47418","06002"
"60436","25090","34229","06010"
"9228","3350","34583","06013"
"6245","2373","27772","06016"
"2652","1195","25144","06018"
"10058","4030","47743","06019"
"0","0","0","06020"
"280","125","63750","06021"
"81","52","92750","06022"
"1073","398","56583","06023"
"846","329","38611","06024"
"4972","1979","43750","06026"
"1442","487","47083","06027"
"15394","5899","53438","06029"
"1262","596","50417","06031"
"17630","7421","53733","06032"
"28314","10758","52432","06033"
"7408","2937","61625","06035"
"18621","7028","40711","06037"
"1952","807","56250","06039"
"35096","14429","37548","06040"
"22801","10092","37130","06042"
"5006","1973","56667","06043"
"29938","11926","19946","06051"
"7767","3098","40313","06052"
"35350","13635","27868","06053"
"6727","2566","59417","06057"
"1610","629","46250","06058"
"0","0","0","06059"
"2723","1002","122308","06060"
"174","69","0","06061"
"17670","7596","33082","06062"
"3193","1260","51691","06063"
"990","333","44583","06065"
"29199","13031","40147","06066"
"19533","7952","40422","06067"
"1647","584","82750","06068"
"2607","1189","37000","06069"
"15023","5413","68015","06070"
"11517","3246","60884","06071"
"5776","1984","76058","06073"
"25577","9445","43789","06074"
"12821","5109","37938","06076"
"12317","3820","63199","06078"
"1345","648","39145","06081"
"44747","16466","40561","06082"
"14931","5380","47253","06084"
"7148","2890","33378","06085"
"4779","2040","39813","06088"
"2602","1060","46806","06089"
"1209","430","167667","06090"
"185","80","83021","06091"
"4528","1437","56944","06092"
"3196","1212","46071","06093"
"28989","10721","47288","06095"
"12466","5174","37365","06096"
"12201","5019","31543","06098"
"1159","794","22981","06103"
"20035","9913","25088","06105"
"38318","14156","14669","06106"
"18275","7391","55149","06107"
"24003","9271","31903","06108"
"26641","11146","37513","06109"
"12663","4916","28009","06110"
"30441","12615","43112","06111"
"22410","7577","27831","06112"
"28264","9764","26568","06114"
"18465","5667","56647","06117"
"27169","11002","29505","06118"
"15190","6685","27448","06119"
"13172","4153","16884","06120"
"0","0","0","06160"
"19631","6864","23966","06226"
"4129","1368","39286","06231"
"3143","1203","37273","06232"
"8148","2852","43824","06234"
"2389","912","43636","06235"
"5449","2091","62083","06237"
"12402","4706","45500","06238"
"10939","4351","25494","06239"
"6958","2540","32969","06241"
"1380","542","45208","06242"
"0","0","0","06243"
"2700","1054","43523","06247"
"5491","1950","58199","06248"
"7268","2769","42212","06249"
"5659","2180","66141","06250"
"1958","749","38333","06254"
"4585","1837","34306","06255"
"2407","1326","23421","06256"
"4431","1606","45625","06259"
"9561","3873","22201","06260"
"701","348","30909","06262"
"212","119","26618","06263"
"148","54","0","06264"
"761","209","57417","06266"
"11335","3634","52696","06268"
"8881","12","0","06269"
"4036","1460","41480","06277"
"4405","1721","52614","06278"
"6070","2335","48000","06279"
"2967","1118","29336","06280"
"7029","2669","33274","06281"
"1017","457","69327","06282"
"27652","10535","32577","06320"
"3386","1423","35652","06330"
"5109","2050","34620","06331"
"252","88","82750","06332"
"6472","2258","44265","06333"
"2611","1047","42750","06334"
"6862","2542","78316","06335"
"15","15","0","06336"
"8076","2995","55500","06339"
"31442","12018","39592","06340"
"0","0","0","06350"
"16185","6573","36184","06351"
"291","133","0","06353"
"6308","2389","33516","06354"
"12732","5410","51278","06355"
"12608","4664","46234","06357"
"5303","2189","50946","06359"
"36714","15090","33929","06360"
"4729","1894","50063","06365"
"7551","2770","58667","06370"
"9805","4123","67222","06371"
"162","58","0","06373"
"8199","2934","46731","06374"
"4004","1485","46786","06375"
"105","66","0","06376"
"3164","973","36071","06377"
"5342","2313","69083","06378"
"9203","3758","24398","06379"
"3255","1175","23750","06380"
"11663","4188","41220","06382"
"2577","998","46000","06384"
"15345","6522","46250","06385"
"316","106","0","06387"
"93","31","0","06389"
"280","131","22292","06390"
"19193","7550","27318","06401"
"5926","2258","45085","06403"
"28004","12378","42440","06405"
"673","312","61161","06409"
"29077","9317","46696","06410"
"3984","1600","53165","06412"
"13245","5444","43565","06413"
"278","46","0","06414"
"16374","6171","45975","06415"
"13951","5733","42188","06416"
"4652","1846","60859","06417"
"12845","5187","28319","06418"
"6499","2452","41731","06419"
"4144","1581","30481","06420"
"7342","2526","50536","06422"
"5240","1940","61964","06423"
"12535","4740","53527","06424"
"3324","1566","51639","06426"
"22272","8778","61729","06437"
"2664","1037","45547","06438"
"5398","2066","60550","06441"
"2700","1081","41875","06442"
"18243","6739","66875","06443"
"18","9","0","06444"
"6335","2220","62031","06447"
"36565","14540","33191","06450"
"24043","9243","30243","06451"
"3406","1269","44861","06455"
"318","121","108378","06456"
"47510","19875","33578","06457"
"37958","15486","35409","06460"
"14774","5332","39931","06461"
"79","38","0","06467"
"19398","6534","49516","06468"
"3358","1361","39475","06469"
"16263","5326","49318","06470"
"7760","3251","37930","06471"
"6691","2381","65690","06472"
"24176","9030","45871","06473"
"10307","4572","53263","06475"
"13884","4928","48375","06477"
"12384","4360","60597","06478"
"10665","4228","44583","06479"
"9470","3646","57005","06480"
"1012","431","31094","06481"
"10972","3620","52279","06482"
"16442","6288","29938","06483"
"39310","14912","46674","06484"
"19778","8196","40220","06488"
"31969","12582","36048","06489"
"45052","17556","39420","06492"
"6937","2889","37500","06498"
"2365","1410","44375","06510"
"54974","20913","37434","06511"
"28539","11639","36022","06512"
"39012","14820","20636","06513"
"26508","10135","40951","06514"
"17947","6557","24768","06515"
"55249","21535","33983","06516"
"15211","6356","38750","06517"
"18803","6755","45663","06518"
"15357","5325","17270","06519"
"5513","1916","63542","06524"
"8992","3334","82344","06525"
"28660","10202","26512","06604"
"23888","8533","28500","06605"
"47707","16738","34881","06606"
"7286","2630","27833","06607"
"13309","4250","12401","06608"
"22562","8661","17746","06610"
"35752","12193","50371","06611"
"7452","2507","72283","06612"
"32834","12784","43239","06614"
"18282","7138","30848","06615"
"3875","1871","11337","06702"
"24013","9295","22453","06704"
"26918","10718","29483","06705"
"14729","5305","34734","06706"
"30208","11860","30408","06708"
"10354","3530","33875","06710"
"9335","3339","38418","06712"
"16532","5896","37992","06716"
"1385","595","30515","06750"
"3532","1381","54659","06751"
"1790","753","79750","06752"
"1835","692","73750","06754"
"1160","388","51375","06755"
"2891","1229","53750","06756"
"2317","979","42064","06757"
"381","144","66000","06758"
"5804","2293","47083","06759"
"7459","2672","46875","06762"
"2030","819","51406","06763"
"31859","12427","32283","06770"
"26734","10240","48289","06776"
"1649","657","68000","06777"
"1409","545","43750","06778"
"8329","3228","34938","06779"
"2336","900","44205","06782"
"2315","984","57375","06783"
"3805","1417","73571","06784"
"665","262","130375","06785"
"9882","3766","34029","06786"
"7862","3245","34951","06787"
"36405","15580","31760","06790"
"5729","2141","50714","06791"
"1144","432","43750","06793"
"1134","560","108051","06794"
"14177","5415","40234","06795"
"954","393","84167","06796"
"9928","4232","52668","06798"
"18459","6717","57188","06801"
"16370","5887","69804","06804"
"6650","2494","51932","06807"
"48349","17779","31366","06810"
"31755","11694","53696","06811"
"13847","4741","63162","06812"
"20580","6557","74224","06820"
"34159","11007","54906","06824"
"20430","7207","53233","06825"
"24561","9421","91375","06830"
"14225","5215","82639","06831"
"19642","6681","92396","06840"
"19432","7994","51417","06850"
"27971","11601","48349","06851"
"3787","1572","79792","06853"
"26577","11794","40449","06854"
"7245","3388","29598","06855"
"1","0","0","06856"
"7143","2443","89974","06870"
"24589","8649","68459","06877"
"8528","2703","85125","06878"
"26448","9580","85156","06880"
"10142","3221","100000","06883"
"4422","1517","78365","06890"
"8938","3492","83170","06896"
"17973","5977","75466","06897"
"6566","3631","18966","06901"
"66134","23137","42026","06902"
"14327","4899","113306","06903"
"18198","7189","51463","06905"
"8403","3366","51587","06906"
"8072","3229","46250","06907"
"16566","4754","35898","07001"
"62485","25227","33552","07002"
"47148","17987","39721","07003"
"7367","2555","47353","07004"
"15608","5545","64792","07005"
"24891","9408","58398","07006"
"22623","7577","30991","07008"
"12346","4451","59274","07009"
"23469","10182","35262","07010"
"39186","12552","32755","07011"
"13079","5037","56620","07012"
"24981","9692","38266","07013"
"4829","1861","24382","07014"
"22499","8252","50657","07016"
"35019","13693","25485","07017"
"29597","11092","26728","07018"
"11078","5461","31964","07020"
"2075","692","124167","07021"
"13748","4942","27650","07022"
"7264","2442","62664","07023"
"35213","16360","45592","07024"
"30400","11302","27813","07026"
"4202","1622","52986","07027"
"7606","2389","75481","07028"
"16010","5467","29954","07029"
"48515","23555","23537","07030"
"15340","6130","32198","07031"
"40406","13535","40532","07032"
"7852","2780","44142","07033"
"9963","3644","56328","07034"
"10673","4114","54832","07035"
"41598","15374","34328","07036"
"28982","9658","80182","07039"
"23809","7930","55179","07040"
"6871","2527","51591","07041"
"25554","10174","43224","07042"
"12836","4190","88056","07043"
"13565","5300","44219","07044"
"9813","3690","44229","07045"
"4214","1290","108092","07046"
"60115","21346","25755","07047"
"30074","10969","21404","07050"
"45920","15965","50049","07052"
"28657","11150","38923","07054"
"69290","20394","23528","07055"
"11336","4848","36359","07057"
"6046","1973","99904","07058"
"15229","4748","89850","07059"
"44610","14278","36889","07060"
"11772","4523","37500","07062"
"14817","4167","46034","07063"
"3356","1223","44500","07064"
"27127","10293","33740","07065"
"14659","5363","43420","07066"
"17731","6190","42311","07067"
"5750","2226","78472","07068"
"5900","2189","70260","07069"
"18016","6932","39821","07070"
"20370","7925","43018","07071"
"6092","2186","45045","07072"
"8875","3866","25407","07073"
"2715","1011","33854","07074"
"7607","2875","58824","07075"
"23195","8539","54250","07076"
"2553","959","42833","07077"
"13157","3960","104318","07078"
"16380","5062","85000","07079"
"23237","7803","45056","07080"
"15606","6642","41944","07081"
"5070","1682","46523","07082"
"52846","18128","41559","07083"
"12574","5560","26667","07086"
"66322","22458","24765","07087"
"3393","1210","29554","07088"
"30154","10105","56471","07090"
"6695","2367","88438","07092"
"60038","22791","19816","07093"
"16125","6038","46472","07094"
"20664","7615","37406","07095"
"12005","4434","13780","07102"
"30562","10218","15030","07103"
"51482","17123","20801","07104"
"48639","15032","24284","07105"
"32366","11019","27533","07106"
"36076","11897","20669","07107"
"25016","8645","18665","07108"
"35688","13150","36487","07109"
"28119","11272","34039","07110"
"54428","20123","29086","07111"
"25652","9519","35156","07112"
"13850","3935","11190","07114"
"24625","7673","26548","07201"
"40874","13329","22777","07202"
"21016","7609","31297","07203"
"13214","5002","39375","07204"
"21328","7528","32262","07205"
"25518","7123","21432","07206"
"32763","11230","36230","07208"
"35910","17053","23253","07302"
"39346","14351","29116","07304"
"61392","21468","31927","07305"
"52027","20064","24470","07306"
"44114","15821","28169","07307"
"11849","5562","32292","07310"
"361","230","0","07311"
"6420","2047","87892","07401"
"7620","2798","55865","07403"
"17672","6532","55750","07405"
"19311","7043","36538","07407"
"32286","11814","49219","07410"
"5834","2248","41759","07416"
"10545","3380","95455","07417"
"2213","758","37159","07418"
"9636","3863","39643","07419"
"4379","1430","33693","07420"
"7180","2596","58523","07421"
"6450","2347","52574","07422"
"4065","1330","85250","07423"
"25770","9569","44769","07424"
"25635","9825","58297","07430"
"7083","2665","41121","07432"
"1853","693","77333","07435"
"12701","4181","67898","07436"
"11544","4077","58661","07438"
"2422","911","38947","07439"
"4938","1784","54018","07440"
"11015","3913","48583","07442"
"10455","4438","50909","07444"
"14519","5204","61953","07446"
"24954","8358","61310","07450"
"11578","3645","65139","07452"
"12197","3732","71193","07456"
"3454","1506","44886","07457"
"11275","3527","105000","07458"
"3143","1193","61083","07460"
"19552","6768","45121","07461"
"7091","2796","55577","07462"
"9602","3352","46420","07463"
"6589","2536","53047","07465"
"54479","17992","49149","07470"
"16533","5673","35808","07480"
"16620","5499","68750","07481"
"0","0","0","07495"
"31680","9789","14061","07501"
"14456","4424","35417","07502"
"19762","5588","15732","07503"
"12935","3715","46313","07504"
"1543","792","11797","07505"
"18656","6858","50080","07506"
"22407","6730","46481","07508"
"10679","3684","39240","07512"
"11533","3200","46115","07513"
"18398","5918","27639","07514"
"21994","6422","23448","07522"
"13614","3792","23354","07524"
"42857","18484","41094","07601"
"8164","2802","58750","07603"
"11792","4249","51324","07604"
"8979","3429","46806","07605"
"2146","840","45938","07606"
"9531","3826","38162","07607"
"93","29","80625","07608"
"2072","678","211146","07620"
"26498","8940","50136","07621"
"8354","2879","55833","07624"
"8245","3081","45101","07626"
"4865","1585","93906","07627"
"17433","6257","33606","07628"
"7367","2489","44561","07630"
"26870","10141","46397","07631"
"5404","1861","73889","07632"
"4662","1601","74375","07640"
"3376","1134","71250","07641"
"10181","3496","65417","07642"
"10612","4224","32162","07643"
"24078","8941","31704","07644"
"7725","2691","82857","07645"
"16297","6084","42122","07646"
"5034","1498","73333","07647"
"5710","1752","65956","07648"
"7966","2801","75417","07649"
"19311","7407","32581","07650"
"26197","8322","57927","07652"
"8658","3163","71250","07656"
"10984","4063","35598","07657"
"12710","4613","40625","07660"
"11273","4157","50000","07661"
"5530","2173","26567","07662"
"13570","4893","42843","07663"
"39636","13067","60500","07666"
"14757","4870","98250","07670"
"26225","9614","52766","07675"
"9008","3175","61875","07676"
"5707","1874","85000","07677"
"23339","9975","43130","07701"
"3773","1335","52875","07702"
"554","147","0","07703"
"6108","2096","66161","07704"
"1596","575","81071","07711"
"39118","16167","38288","07712"
"8584","3254","51250","07716"
"2079","952","58333","07717"
"5691","1988","56477","07718"
"22252","8915","44957","07719"
"4356","2336","54083","07720"
"2912","991","52500","07721"
"10200","3166","101250","07722"
"1225","480","88750","07723"
"21958","9074","47692","07724"
"41816","14140","35975","07726"
"6261","2419","46250","07727"
"55763","19762","37781","07728"
"17403","6044","33958","07730"
"38453","12612","50427","07731"
"5297","2531","44856","07732"
"16711","5393","75339","07733"
"13403","5122","19891","07734"
"20306","7567","27754","07735"
"4239","1521","39583","07737"
"6219","2176","57656","07738"
"5979","2130","106250","07739"
"31017","11850","40745","07740"
"19322","6049","51858","07746"
"30612","11627","40143","07747"
"28625","9707","57987","07748"
"3315","1619","62344","07750"
"18736","5872","83864","07751"
"36745","15362","38845","07753"
"6638","2265","51250","07755"
"3501","1956","33188","07756"
"5423","2022","45972","07757"
"5385","1818","41625","07758"
"9308","3277","73289","07760"
"8689","3917","55511","07762"
"8102","2378","48462","07764"
"25675","8019","45383","07801"
"3665","1245","58333","07803"
"0","0","0","07820"
"9632","3427","61250","07821"
"862","322","53875","07822"
"7956","3361","31636","07823"
"9796","3322","48750","07825"
"5971","2373","52500","07826"
"4315","1730","52878","07827"
"13377","5522","36936","07828"
"6959","2333","58676","07830"
"3624","1293","44971","07832"
"129","49","0","07833"
"17533","6748","62958","07834"
"12964","4714","62014","07836"
"3434","1168","45938","07838"
"29883","12013","40872","07840"
"165","63","0","07842"
"12525","4842","36875","07843"
"108","47","0","07846"
"1253","496","56653","07847"
"4984","1600","48571","07848"
"8927","3339","42586","07849"
"7225","2579","75438","07850"
"124","43","0","07851"
"3993","1413","27500","07852"
"13143","4410","59783","07853"
"3460","1734","47750","07856"
"3307","1440","44946","07857"
"26755","10243","37545","07860"
"4330","1589","31838","07863"
"2245","820","59038","07865"
"21858","7966","47200","07866"
"25368","9092","58692","07869"
"86","29","0","07870"
"20973","7351","75924","07871"
"8570","3163","75972","07874"
"10526","3473","69297","07876"
"1266","404","33214","07878"
"95","30","0","07880"
"17","7","150750","07881"
"14193","5452","41215","07882"
"10099","3562","46948","07885"
"22606","8053","63177","07901"
"26345","9667","52138","07920"
"7891","3943","46890","07921"
"12178","4058","79911","07922"
"7557","2579","78542","07924"
"14","7","0","07926"
"3567","1306","70341","07927"
"19013","6880","67643","07928"
"8141","2667","61726","07930"
"3326","1044","86500","07931"
"10462","3965","51797","07932"
"3740","1278","97868","07933"
"1517","611","82321","07934"
"377","174","61563","07935"
"11215","3782","60952","07936"
"293","0","0","07939"
"16577","5527","50417","07940"
"9650","3157","71528","07945"
"3241","1057","63977","07946"
"18320","7117","62500","07950"
"43971","17239","66667","07960"
"0","0","0","07961"
"246","72","0","07970"
"11801","4119","62300","07974"
"800","288","42813","07976"
"671","219","27917","07977"
"508","177","114958","07979"
"1743","715","52813","07980"
"8936","3289","56250","07981"
"770","286","30750","08001"
"22150","8544","37744","08002"
"31074","10738","62763","08003"
"12081","4084","45670","08004"
"21793","8679","40203","08005"
"531","239","53875","08006"
"5422","2281","22287","08007"
"7600","3693","62750","08008"
"12520","4630","49492","08009"
"11463","4592","39194","08010"
"15","6","0","08011"
"38750","14601","44654","08012"
"337","118","29792","08014"
"20836","7904","50947","08015"
"33010","12134","40333","08016"
"822","289","40000","08019"
"2452","801","69250","08020"
"45517","18653","28926","08021"
"8482","3193","51349","08022"
"354","187","0","08023"
"2316","790","56667","08026"
"4865","1939","33682","08027"
"19748","6301","40793","08028"
"4767","1878","22857","08029"
"13190","4921","30388","08030"
"11591","4479","36901","08031"
"16076","6255","44583","08033"
"17695","6691","44573","08034"
"7563","3053","35521","08035"
"5452","1986","47647","08036"
"24285","8281","33914","08037"
"188","77","0","08038"
"63","27","0","08039"
"1243","400","84375","08041"
"179","53","47083","08042"
"29080","11452","42363","08043"
"2930","954","56250","08045"
"31908","10987","52566","08046"
"12398","4562","30553","08048"
"5334","2311","32077","08049"
"24205","9304","37529","08050"
"10678","4360","37235","08051"
"19225","8308","30629","08052"
"45395","17387","49739","08053"
"41888","17453","44162","08054"
"27226","9461","69072","08055"
"4355","1404","36250","08056"
"20910","7502","67440","08057"
"5723","2210","33641","08059"
"25112","9232","48464","08060"
"2369","865","75268","08061"
"15584","4932","45966","08062"
"3149","1091","27266","08063"
"252","25","0","08064"
"7407","3015","49375","08065"
"8990","3611","32763","08066"
"1763","687","43750","08067"
"7211","2743","53412","08068"
"13089","5178","26782","08069"